<?xml version="1.0" encoding="utf-8" ?>
<rss version="2.0"  xmlns:media="http://search.yahoo.com/mrss/" xmlns:dc="http://purl.org/dc/elements/1.1/"  xmlns:atom="http://www.w3.org/2005/Atom" >
    <channel>
    <atom:link href="https://www.financialreporter.co.uk/rss.asp" rel="self" type="application/rss+xml" />        <title>Financial Reporter | Latest News</title>
        <link>https://www.financialreporter.co.uk/</link>
        <description>Financial Reporter News - Top Stories</description>
        <language>en-us</language>
        <lastBuildDate>Wed, 03 Mar 2021 11:36:14 GMT</lastBuildDate>
<item>
    <title>It&apos;s time to begin moving far quicker in an Open Banking direction</title>
    <link>https://www.financialreporter.co.uk/blogs/its-time-to-begin-moving-far-quicker-in-an-open-banking-direction.html</link>
    <pubDate>Wed, 03 Mar 2021 10:00:00 GMT</pubDate>
    <description>&lt;img src="https://www.financialreporter.co.uk/images/329x170/718-blog.jpg" border="0" alt="It&apos;s time to begin moving far quicker in an Open Banking direction" title="It&apos;s time to begin moving far quicker in an Open Banking direction" /&gt;&lt;br /&gt;&lt;br /&gt;Open Banking seems like a relatively new cab on the rank when it comes to financial services, but it&amp;#39;s actually far more mature than you might have been led to believe.</description>
    <media:content width="329" url="https://www.financialreporter.co.uk/images/329x170/718-blog.jpg"></media:content>
</item>
<item>
    <title>Co-op&apos;s Platform re-introduces full mortgage range</title>
    <link>https://www.financialreporter.co.uk/mortgages/co-ops-platform-re-introduces-full-mortgage-range.html</link>
    <pubDate>Wed, 03 Mar 2021 09:39:00 GMT</pubDate>
    <description>&lt;img src="https://www.financialreporter.co.uk/images/329x170/2843-NTI_CO-OP_HANLEY_99.JPG" border="0" alt="Co-op&apos;s Platform re-introduces full mortgage range" title="Co-op&apos;s Platform re-introduces full mortgage range" /&gt;&lt;br /&gt;&lt;br /&gt;Platform, the intermediary mortgage brand of the Co-operative Bank, has reintroduced a number of mortgage products, including Help to Buy, and now has its full range available.</description>
    <media:content width="329" url="https://www.financialreporter.co.uk/images/329x170/2843-NTI_CO-OP_HANLEY_99.JPG"></media:content>
</item>
<item>
    <title>Landbay and West One enhance buy-to-let ranges</title>
    <link>https://www.financialreporter.co.uk/mortgages/landbay-and-west-one-enhance-buy-to-let-ranges.html</link>
    <pubDate>Wed, 03 Mar 2021 09:14:00 GMT</pubDate>
    <description>&lt;img src="https://www.financialreporter.co.uk/images/329x170/8563-shutterstock_152894903.jpg" border="0" alt="Landbay and West One enhance buy-to-let ranges" title="Landbay and West One enhance buy-to-let ranges" /&gt;&lt;br /&gt;&lt;br /&gt;Landbay and West One Loans have both announced updates to their buy-to-let mortgage ranges.</description>
    <media:content width="329" url="https://www.financialreporter.co.uk/images/329x170/8563-shutterstock_152894903.jpg"></media:content>
</item>
<item>
    <title>Quilter launches redundancy support hub</title>
    <link>https://www.financialreporter.co.uk/finance-news/quilter-launches-redundancy-support-hub.html</link>
    <pubDate>Wed, 03 Mar 2021 09:00:00 GMT</pubDate>
    <description>&lt;img src="https://www.financialreporter.co.uk/images/329x170/808-latest.jpg" border="0" alt="Quilter launches redundancy support hub" title="Quilter launches redundancy support hub" /&gt;&lt;br /&gt;&lt;br /&gt;Quilter has launched a support hub for financial advisers to help their conversations with clients around all aspects of redundancy.</description>
    <media:content width="329" url="https://www.financialreporter.co.uk/images/329x170/808-latest.jpg"></media:content>
</item>
<item>
    <title>Regulated advice and a ban on commission: FCA outlines funeral plan rules</title>
    <link>https://www.financialreporter.co.uk/regulation/regulated-advice-and-a-ban-on-commission-fca-outlines-funeral-plan-rules.html</link>
    <pubDate>Wed, 03 Mar 2021 08:57:00 GMT</pubDate>
    <description>&lt;img src="https://www.financialreporter.co.uk/images/329x170/771-savings.jpg" border="0" alt="Regulated advice and a ban on commission: FCA outlines funeral plan rules" title="Regulated advice and a ban on commission: FCA outlines funeral plan rules" /&gt;&lt;br /&gt;&lt;br /&gt;The FCA has outlined how it plans to regulate the pre-paid funeral plans sector, including a ban on intermediary commission payments and permissions to advise on the plans.</description>
    <media:content width="329" url="https://www.financialreporter.co.uk/images/329x170/771-savings.jpg"></media:content>
</item>
<item>
    <title>Leeds Building Society expands holiday let range</title>
    <link>https://www.financialreporter.co.uk/mortgages/leeds-building-society-expands-holiday-let-range.html</link>
    <pubDate>Wed, 03 Mar 2021 08:45:00 GMT</pubDate>
    <description>&lt;img src="https://www.financialreporter.co.uk/images/329x170/744-mortgages.jpg" border="0" alt="Leeds Building Society expands holiday let range" title="Leeds Building Society expands holiday let range" /&gt;&lt;br /&gt;&lt;br /&gt;Leeds Building Society has launched new holiday let products, as the post-lockdown holiday market offers more opportunities for investors.</description>
    <media:content width="329" url="https://www.financialreporter.co.uk/images/329x170/744-mortgages.jpg"></media:content>
</item>
<item>
    <title>Virgin Money expands 90% LTV range to next-time buyers</title>
    <link>https://www.financialreporter.co.uk/mortgages/virgin-money-expands-90-ltv-range-to-next-time-buyers.html</link>
    <pubDate>Wed, 03 Mar 2021 08:30:00 GMT</pubDate>
    <description>&lt;img src="https://www.financialreporter.co.uk/images/329x170/744-mortgages.jpg" border="0" alt="Virgin Money expands 90% LTV range to next-time buyers" title="Virgin Money expands 90% LTV range to next-time buyers" /&gt;&lt;br /&gt;&lt;br /&gt;Virgin Money is expanding the availability of its 90% LTV two, five, seven and 10-year fixed rates to next-time buyers and remortgagers.</description>
    <media:content width="329" url="https://www.financialreporter.co.uk/images/329x170/744-mortgages.jpg"></media:content>
</item>
<item>
    <title>Decisions being based on a future which looks increasingly unlikely</title>
    <link>https://www.financialreporter.co.uk/blogs/decisions-being-based-on-a-future-which-looks-increasingly-unlikely.html</link>
    <pubDate>Tue, 02 Mar 2021 14:00:00 GMT</pubDate>
    <description>&lt;img src="https://www.financialreporter.co.uk/images/329x170/718-blog.jpg" border="0" alt="Decisions being based on a future which looks increasingly unlikely" title="Decisions being based on a future which looks increasingly unlikely" /&gt;&lt;br /&gt;&lt;br /&gt;What does the next year hold for the housing market? Ask this of any stakeholder and you&amp;#39;re likely to get an opinion, or seven. But how many would be right?</description>
    <media:content width="329" url="https://www.financialreporter.co.uk/images/329x170/718-blog.jpg"></media:content>
</item>
<item>
    <title>YBS launches first-time buyer exclusives with £1,000 cashback</title>
    <link>https://www.financialreporter.co.uk/mortgages/ybs-launches-first-time-buyer-exclusives-with-1000-cashback.html</link>
    <pubDate>Tue, 02 Mar 2021 13:30:00 GMT</pubDate>
    <description>&lt;img src="https://www.financialreporter.co.uk/images/329x170/3262-Ipswich Exterior.jpg" border="0" alt="YBS launches first-time buyer exclusives with £1,000 cashback" title="YBS launches first-time buyer exclusives with £1,000 cashback" /&gt;&lt;br /&gt;&lt;br /&gt;Yorkshire Building Society is launching two new mortgages exclusively for first-time buyers.</description>
    <media:content width="329" url="https://www.financialreporter.co.uk/images/329x170/3262-Ipswich Exterior.jpg"></media:content>
</item>
<item>
    <title>Mint Bridging rebrands to Mint Property Finance ahead of product expansion</title>
    <link>https://www.financialreporter.co.uk/specialist-lending/mint-bridging-rebrands-to-mint-property-finance-ahead-of-product-expansion.html</link>
    <pubDate>Tue, 02 Mar 2021 13:25:00 GMT</pubDate>
    <description>&lt;img src="https://www.financialreporter.co.uk/images/329x170/3190-specialist-lending.jpg" border="0" alt="Mint Bridging rebrands to Mint Property Finance ahead of product expansion" title="Mint Bridging rebrands to Mint Property Finance ahead of product expansion" /&gt;&lt;br /&gt;&lt;br /&gt;Specialist finance lender Mint Bridging has rebranded as Mint Property Finance as it prepares to expand its product proposition.</description>
    <media:content width="329" url="https://www.financialreporter.co.uk/images/329x170/3190-specialist-lending.jpg"></media:content>
</item>
<item>
    <title>UK Finance sets out future model for Open Banking</title>
    <link>https://www.financialreporter.co.uk/finance-news/uk-finance-sets-out-future-model-for-open-banking.html</link>
    <pubDate>Tue, 02 Mar 2021 11:01:00 GMT</pubDate>
    <description>&lt;img src="https://www.financialreporter.co.uk/images/329x170/808-latest.jpg" border="0" alt="UK Finance sets out future model for Open Banking" title="UK Finance sets out future model for Open Banking" /&gt;&lt;br /&gt;&lt;br /&gt;UK Finance has published its proposals for a new service company which will support the UK&amp;#39;s Open Banking infrastructure.</description>
    <media:content width="329" url="https://www.financialreporter.co.uk/images/329x170/808-latest.jpg"></media:content>
</item>
<item>
    <title>Financial Adviser Event to hold ‘double bill’ of Covid-safe events in September</title>
    <link>https://www.financialreporter.co.uk/finance-news/financial-adviser-event-to-hold-double-bill-of-covid-safe-events-in-september.html</link>
    <pubDate>Tue, 02 Mar 2021 10:29:00 GMT</pubDate>
    <description>&lt;img src="https://www.financialreporter.co.uk/images/329x170/808-latest.jpg" border="0" alt="Financial Adviser Event to hold ‘double bill’ of Covid-safe events in September" title="Financial Adviser Event to hold ‘double bill’ of Covid-safe events in September" /&gt;&lt;br /&gt;&lt;br /&gt;In what will be a welcome return to physical events for many in the advice community, Financial Adviser Event has announced a double bill of events in London and Manchester, taking place in September 2021.</description>
    <media:content width="329" url="https://www.financialreporter.co.uk/images/329x170/808-latest.jpg"></media:content>
</item>
<item>
    <title>HMOs remain a growing component within the buy-to-let sector</title>
    <link>https://www.financialreporter.co.uk/blogs/hmos-remain-a-growing-component-within-the-buy-to-let-sector.html</link>
    <pubDate>Tue, 02 Mar 2021 10:00:00 GMT</pubDate>
    <description>&lt;img src="https://www.financialreporter.co.uk/images/329x170/718-blog.jpg" border="0" alt="HMOs remain a growing component within the buy-to-let sector" title="HMOs remain a growing component within the buy-to-let sector" /&gt;&lt;br /&gt;&lt;br /&gt;The eyes of many homebuyers quite rightly lit up at the prospect of the potential savings on offer from the stamp duty tax break. Inevitably, this enthusiasm also filtered through to investors, developers and landlords. However, as attractive as any tax saving might be, it&amp;#39;s become increasingly clear that the thought process behind any buy-to-let investment extends way beyond any SDLT consideration.</description>
    <media:content width="329" url="https://www.financialreporter.co.uk/images/329x170/718-blog.jpg"></media:content>
</item>
<item>
    <title>Paradigm adds anti-bribery and whistleblowing modules to Academy Test Zone</title>
    <link>https://www.financialreporter.co.uk/finance-news/paradigm-adds-anti-bribery-and-whistleblowing-modules-to-academy-test-zone.html</link>
    <pubDate>Tue, 02 Mar 2021 09:55:00 GMT</pubDate>
    <description>&lt;img src="https://www.financialreporter.co.uk/images/329x170/1746-teaching.jpg" border="0" alt="Paradigm adds anti-bribery and whistleblowing modules to Academy Test Zone" title="Paradigm adds anti-bribery and whistleblowing modules to Academy Test Zone" /&gt;&lt;br /&gt;&lt;br /&gt;Paradigm has added a number of new test modules to its CPD Academy Test Zone.</description>
    <media:content width="329" url="https://www.financialreporter.co.uk/images/329x170/1746-teaching.jpg"></media:content>
</item>
<item>
    <title>67% of those accessing advice share same adviser as their parents</title>
    <link>https://www.financialreporter.co.uk/finance-news/67-of-those-accessing-advice-share-same-adviser-as-their-parents.html</link>
    <pubDate>Tue, 02 Mar 2021 09:30:00 GMT</pubDate>
    <description>&lt;img src="https://www.financialreporter.co.uk/images/329x170/808-latest.jpg" border="0" alt="67% of those accessing advice share same adviser as their parents" title="67% of those accessing advice share same adviser as their parents" /&gt;&lt;br /&gt;&lt;br /&gt;67% of people whose parents have an adviser also use them, suggesting a huge potential for advisers to target different generations within one family, according to new research from Prudential UK.</description>
    <media:content width="329" url="https://www.financialreporter.co.uk/images/329x170/808-latest.jpg"></media:content>
</item>
<item>
    <title>Knowledge Bank adds new cladding criteria category</title>
    <link>https://www.financialreporter.co.uk/mortgages/knowledge-bank-adds-new-cladding-criteria-category.html</link>
    <pubDate>Tue, 02 Mar 2021 09:21:00 GMT</pubDate>
    <description>&lt;img src="https://www.financialreporter.co.uk/images/329x170/744-mortgages.jpg" border="0" alt="Knowledge Bank adds new cladding criteria category" title="Knowledge Bank adds new cladding criteria category" /&gt;&lt;br /&gt;&lt;br /&gt;Knowledge Bank has launched new criteria categories to support brokers to find lenders who will lend on properties with cladding. The two new categories are &amp;#39;Composite Cladding / EWS1 Form&amp;#39; and &amp;#39;Local Authority Search Indemnity Insurance&amp;#39;.</description>
    <media:content width="329" url="https://www.financialreporter.co.uk/images/329x170/744-mortgages.jpg"></media:content>
</item>
<item>
    <title>Skipton launches new Government help scheme products</title>
    <link>https://www.financialreporter.co.uk/mortgages/skipton-launches-new-government-help-scheme-products.html</link>
    <pubDate>Tue, 02 Mar 2021 09:00:00 GMT</pubDate>
    <description>&lt;img src="https://www.financialreporter.co.uk/images/329x170/7078-skipton.jpg" border="0" alt="Skipton launches new Government help scheme products" title="Skipton launches new Government help scheme products" /&gt;&lt;br /&gt;&lt;br /&gt;Skipton Building Society is launching a raft of new products linked to Government help schemes including Help to Buy, shared ownership and the Scottish First Home Fund Scheme.</description>
    <media:content width="329" url="https://www.financialreporter.co.uk/images/329x170/7078-skipton.jpg"></media:content>
</item>
<item>
    <title>Fluent Money launches bridging finance division</title>
    <link>https://www.financialreporter.co.uk/specialist-lending/fluent-money-launches-bridging-finance-division.html</link>
    <pubDate>Tue, 02 Mar 2021 08:57:00 GMT</pubDate>
    <description>&lt;img src="https://www.financialreporter.co.uk/images/329x170/3190-specialist-lending.jpg" border="0" alt="Fluent Money launches bridging finance division" title="Fluent Money launches bridging finance division" /&gt;&lt;br /&gt;&lt;br /&gt;Fluent Money Group has launched a new division dedicated to the provision of bridging finance.</description>
    <media:content width="329" url="https://www.financialreporter.co.uk/images/329x170/3190-specialist-lending.jpg"></media:content>
</item>
<item>
    <title>Brightstar partners with Mortgage Magic</title>
    <link>https://www.financialreporter.co.uk/specialist-lending/brightstar-partners-with-mortgage-magic.html</link>
    <pubDate>Tue, 02 Mar 2021 08:37:00 GMT</pubDate>
    <description>&lt;img src="https://www.financialreporter.co.uk/images/329x170/3190-specialist-lending.jpg" border="0" alt="Brightstar partners with Mortgage Magic" title="Brightstar partners with Mortgage Magic" /&gt;&lt;br /&gt;&lt;br /&gt;Brightstar Financial has agreed an exclusive partnership with Mortgage Magic to deliver the case management technology for its enhanced EasySource platform.</description>
    <media:content width="329" url="https://www.financialreporter.co.uk/images/329x170/3190-specialist-lending.jpg"></media:content>
</item>
<item>
    <title>House price growth rebounds to record high in February: Nationwide</title>
    <link>https://www.financialreporter.co.uk/finance-news/house-price-growth-rebounds-to-record-high-in-february-nationwide.html</link>
    <pubDate>Tue, 02 Mar 2021 08:20:00 GMT</pubDate>
    <description>&lt;img src="https://www.financialreporter.co.uk/images/329x170/808-latest.jpg" border="0" alt="House price growth rebounds to record high in February: Nationwide" title="House price growth rebounds to record high in February: Nationwide" /&gt;&lt;br /&gt;&lt;br /&gt;Annual house price growth rebounded to 6.9% in February from 6.4% in January, according to the latest Nationwide house price index.</description>
    <media:content width="329" url="https://www.financialreporter.co.uk/images/329x170/808-latest.jpg"></media:content>
</item>
    </channel>
</rss>
<!-- Generated by iNews Publisher, developed by Expinion.net -->
